{
  "assetsByChunkName": {
    "vendors~app-account~app-checkout~app-confirmation~app-order": "chunk.02af28b9ef7b96582a04.js",
    "vendors~app-account~app-confirmation~app-order": "chunk.5535a30424e8560a37a5.js",
    "vendors~app-account~app-checkout": "chunk.654d95e62881c445d387.js",
    "admin": [
      "admin.f9ebfd52a64bb69411ff.js",
      "admin.f9ebfd52a64bb69411ff.js.map"
    ],
    "app-account": "chunk.8144237663f02b1661d8.js",
    "app-confirmation": "chunk.6e29c44b638c694a7e7a.js",
    "app-order": "chunk.e1f7de7a207b5edb8396.js",
    "checkout": [
      "checkout.b7807dd0199f278876b4.js",
      "checkout.b7807dd0199f278876b4.js.map"
    ],
    "storefront": [
      "storefront.d1602c39491f888840a8.css",
      "storefront.b6e6add92c394ea11e70.js",
      "storefront.d1602c39491f888840a8.css.map",
      "storefront.b6e6add92c394ea11e70.js.map"
    ],
    "vendors~app-cart": "chunk.454d34ae940b86b20bda.js",
    "vendors~app-checkout": "chunk.2d7d7be00e15d1ea5539.js"
  }
}