{
  "meta_title": "",
  "meta_description": "",
  "sections": [
    {
      "type": "info-bar",
      "enabled": true
    },
    {
      "type": "shelfs-nav",
      "shuffle": true,
      "limit": 8,
      "page": 1,
      "collection_ids": [
        "64bc05b05e606903706f0a07:categories:Vestido Curto:/vestido-curto",
        "64bc07295e606903706f0b75:categories:Vestidos Midi :/vestido-midi",
        "64bc0ae85e606903706f1064:categories:Vestidos Longos :/vestido-longo"
      ],
      "shelfs_title": "Vestidos",
      "sort": "news"
    },
    {
      "type": "shelfs-nav",
      "shuffle": true,
      "limit": 8,
      "page": 1,
      "collection_ids": [
        "64beac515e60690370714242:categories:Saias Midi:/saias-midi",
        "64bedbd65e6069037071adad:categories:Short Saia:/short-saia"
      ],
      "shelfs_title": "Saias",
      "sort": "news"
    },
    {
      "type": "shelfs-nav",
      "shuffle": true,
      "limit": 8,
      "page": 1,
      "collection_ids": [
        "622b79ea8bd0103c54ee8082:categories:Camisa:/camisa",
        "622b91558bd0103c54eec349:categories:Jaqueta:/jaqueta",
        "622a67b98bd0103c54ecd674:categories:Blusa:/blusa"
      ],
      "shelfs_title": "Está na Moda",
      "sort": "views"
    }
  ]
}